Title,Details,InfoLinks,LinkToPage,Date
Gepack ??? pogovor,"
2024-02-01T00:00:00+01:00
2024-02-02T00:00:00+01:00
 Kino Delavski Dom Trbovlje Trbovlje",https://dogodki.kulturnik.si/?where=Kino%20Delavski%20Dom%20Trbovlje-https://dogodki.kulturnik.si/?where=Trbovlje,,"četrtek, 1. februar 2024"
Dejan Vunjak in Brendijeve barabe,"
2024-02-02T00:00:00+01:00
 Kulturni center Laško Laško",https://dogodki.kulturnik.si/?where=Kulturni%20center%20La%C5%A1ko-https://dogodki.kulturnik.si/?where=La%C5%A1ko,https://www.facebook.com/photo/?fbid=920118012808010&set=a.343441213809029,"petek, 2. februar 2024"
Kurentovanje,"
2024-02-03T00:00:00+01:00
2024-02-14T00:00:00+01:00
 Ptuj",https://dogodki.kulturnik.si/?where=Ptuj,http://www.kurentovanje.net,"sobota, 3. februar 2024"
Škrt škrt kra čof!,"
Sun Feb 04 2024 11:00:00 GMT+0100 (Central European Standard Time)
 Oder pod zvezdami LGL Ljubljana",https://dogodki.kulturnik.si/?where=Oder%20pod%20zvezdami%20LGL-https://dogodki.kulturnik.si/?where=Ljubljana,http://www.lgl.si/si/predstave/vse-predstave/736-Skrt-skrt-kra-cof,"nedelja, 4. februar 2024"
Interesno območje,"
Mon Feb 05 2024 16:30:00 GMT+0100 (Central European Standard Time)
Mon Feb 05 2024 18:16:00 GMT+0100 (Central European Standard Time)
 Kinodvor dvorana Ljubljana",https://dogodki.kulturnik.si/?where=Kinodvor%20dvorana-https://dogodki.kulturnik.si/?where=Ljubljana,https://www.kinodvor.org/film/interesno-obmocje/,"ponedeljek, 5. februar 2024"
"Bela golobica: čudežna zgodba (120', biografska pustolovska drama)","
Tue Feb 06 2024 09:00:00 GMT+0100 (Central European Standard Time)
Tue Feb 06 2024 11:00:00 GMT+0100 (Central European Standard Time)
 Kino Delavski Dom Trbovlje Trbovlje",https://dogodki.kulturnik.si/?where=Kino%20Delavski%20Dom%20Trbovlje-https://dogodki.kulturnik.si/?where=Trbovlje,,"torek, 6. februar 2024"
Popolni dnevi,"
Wed Feb 07 2024 13:00:00 GMT+0100 (Central European Standard Time)
Wed Feb 07 2024 15:04:00 GMT+0100 (Central European Standard Time)
 Kinodvor dvorana Ljubljana",https://dogodki.kulturnik.si/?where=Kinodvor%20dvorana-https://dogodki.kulturnik.si/?where=Ljubljana,https://www.kinodvor.org/film/popolni-dnevi/,"sreda, 7. februar 2024"
Brezplačni vodenji po fotografski razstavi Slovenski punk in fotografija,"
Thu Feb 08 2024 00:00:00 GMT+0100 (Central European Standard Time)
Thu Feb 08 2024 23:00:00 GMT+0100 (Central European Standard Time)
 Cankarjev dom, Galerija CD Ljubljana",https://dogodki.kulturnik.si/?where=Cankarjev%20dom%2C%20Galerija%20CD-https://dogodki.kulturnik.si/?where=Ljubljana,https://www.cd-cc.si/kultura/razstave/brezplacni-vodenji-po-fotografski-razstavi-slovenski-punk-in-fotografija,"četrtek, 8. februar 2024"
Škrt škrt kra čof!,"
Sun Feb 04 2024 11:00:00 GMT+0100 (Central European Standard Time)
 Oder pod zvezdami LGL Ljubljana",https://dogodki.kulturnik.si/?where=Oder%20pod%20zvezdami%20LGL-https://dogodki.kulturnik.si/?where=Ljubljana,http://www.lgl.si/si/predstave/vse-predstave/736-Skrt-skrt-kra-cof,"nedelja, 4. februar 2024"
Interesno območje,"
Mon Feb 05 2024 16:30:00 GMT+0100 (Central European Standard Time)
Mon Feb 05 2024 18:16:00 GMT+0100 (Central European Standard Time)
 Kinodvor dvorana Ljubljana",https://dogodki.kulturnik.si/?where=Kinodvor%20dvorana-https://dogodki.kulturnik.si/?where=Ljubljana,https://www.kinodvor.org/film/interesno-obmocje/,"ponedeljek, 5. februar 2024"
"Bela golobica: čudežna zgodba (120', biografska pustolovska drama)","
Tue Feb 06 2024 09:00:00 GMT+0100 (Central European Standard Time)
Tue Feb 06 2024 11:00:00 GMT+0100 (Central European Standard Time)
 Kino Delavski Dom Trbovlje Trbovlje",https://dogodki.kulturnik.si/?where=Kino%20Delavski%20Dom%20Trbovlje-https://dogodki.kulturnik.si/?where=Trbovlje,,"torek, 6. februar 2024"
Popolni dnevi,"
Wed Feb 07 2024 13:00:00 GMT+0100 (Central European Standard Time)
Wed Feb 07 2024 15:04:00 GMT+0100 (Central European Standard Time)
 Kinodvor dvorana Ljubljana",https://dogodki.kulturnik.si/?where=Kinodvor%20dvorana-https://dogodki.kulturnik.si/?where=Ljubljana,https://www.kinodvor.org/film/popolni-dnevi/,"sreda, 7. februar 2024"
Brezplačni vodenji po fotografski razstavi Slovenski punk in fotografija,"
Thu Feb 08 2024 00:00:00 GMT+0100 (Central European Standard Time)
Thu Feb 08 2024 23:00:00 GMT+0100 (Central European Standard Time)
 Cankarjev dom, Galerija CD Ljubljana",https://dogodki.kulturnik.si/?where=Cankarjev%20dom%2C%20Galerija%20CD-https://dogodki.kulturnik.si/?where=Ljubljana,https://www.cd-cc.si/kultura/razstave/brezplacni-vodenji-po-fotografski-razstavi-slovenski-punk-in-fotografija,"četrtek, 8. februar 2024"
Dnevi komedije,"
Fri Feb 09 2024 00:00:00 GMT+0100 (Central European Standard Time)
Mon Feb 26 2024 00:00:00 GMT+0100 (Central European Standard Time)
 Celje",https://dogodki.kulturnik.si/?where=Celje,http://www.slg-ce.si/domov/dnevi-komedije,"petek, 9. februar 2024"
Pajkovi: Dojenčica in Karneval,"
Sat Feb 10 2024 10:00:00 GMT+0100 (Central European Standard Time)
Sat Feb 10 2024 10:22:00 GMT+0100 (Central European Standard Time)
 Kinodvor dvorana Ljubljana",https://dogodki.kulturnik.si/?where=Kinodvor%20dvorana-https://dogodki.kulturnik.si/?where=Ljubljana,https://www.kinodvor.org/film/pajkovi-dojencica-in-karneval/,"sobota, 10. februar 2024"
Ansambel Saša Avsenika,"
Sun Feb 11 2024 00:00:00 GMT+0100 (Central European Standard Time)
 Cerknica",https://dogodki.kulturnik.si/?where=Cerknica,https://www.facebook.com/events/310879048509259/,"nedelja, 11. februar 2024"
Dnevi komedije,"
Fri Feb 09 2024 00:00:00 GMT+0100 (Central European Standard Time)
Mon Feb 26 2024 00:00:00 GMT+0100 (Central European Standard Time)
 Celje",https://dogodki.kulturnik.si/?where=Celje,http://www.slg-ce.si/domov/dnevi-komedije,"petek, 9. februar 2024"
Pajkovi: Dojenčica in Karneval,"
Sat Feb 10 2024 10:00:00 GMT+0100 (Central European Standard Time)
Sat Feb 10 2024 10:22:00 GMT+0100 (Central European Standard Time)
 Kinodvor dvorana Ljubljana",https://dogodki.kulturnik.si/?where=Kinodvor%20dvorana-https://dogodki.kulturnik.si/?where=Ljubljana,https://www.kinodvor.org/film/pajkovi-dojencica-in-karneval/,"sobota, 10. februar 2024"
Ansambel Saša Avsenika,"
Sun Feb 11 2024 00:00:00 GMT+0100 (Central European Standard Time)
 Cerknica",https://dogodki.kulturnik.si/?where=Cerknica,https://www.facebook.com/events/310879048509259/,"nedelja, 11. februar 2024"
Festival gorniškega filma,"
Mon Feb 12 2024 00:00:00 GMT+0100 (Central European Standard Time)
Sun Feb 18 2024 00:00:00 GMT+0100 (Central European Standard Time)
 Domžale",https://dogodki.kulturnik.si/?where=Dom%C5%BEale,http://www.gorniski.si,"ponedeljek, 12. februar 2024"
Mojstrski webinar za moderatorje bralnih klubov (Spletno izobraževanje),"
Tue Feb 13 2024 13:30:00 GMT+0100 (Central European Standard Time)
 KUD Police Dubove Brezovica pri Ljubljani",https://dogodki.kulturnik.si/?where=KUD%20Police%20Dubove-https://dogodki.kulturnik.si/?where=Brezovica%20pri%20Ljubljani,http://mestoliterature.si/mojstrski-webinar-za-moderatorje-bralnih-klubov-24-01-2024.html,"torek, 13. februar 2024"
Dejan Vunjak in Brendijeve barabe,"
Wed Feb 14 2024 00:00:00 GMT+0100 (Central European Standard Time)
 Narodni dom Maribor Maribor",https://dogodki.kulturnik.si/?where=Narodni%20dom%20Maribor-https://dogodki.kulturnik.si/?where=Maribor,https://www.facebook.com/photo/?fbid=920118012808010&set=a.343441213809029,"sreda, 14. februar 2024"
18. Festival gorniškega filma: Anatomija vzpona in Yamnuska: tanka meja,"
Thu Feb 15 2024 16:00:00 GMT+0100 (Central European Standard Time)
 Cankarjev dom, Kosovelova dvorana Ljubljana",https://dogodki.kulturnik.si/?where=Cankarjev%20dom%2C%20Kosovelova%20dvorana-https://dogodki.kulturnik.si/?where=Ljubljana,https://www.mojekarte.si/si/18-festival-gorniskega-filma-anatomija-vzpona-in-yamnuska-tanka-meja/vstopnice-1178895.html,"četrtek, 15. februar 2024"
Dejan Vunjak in Brendijeve barabe,"
Fri Feb 16 2024 00:00:00 GMT+0100 (Central European Standard Time)
 Cankarjev dom Vrhnika Vrhnika",https://dogodki.kulturnik.si/?where=Cankarjev%20dom%20Vrhnika-https://dogodki.kulturnik.si/?where=Vrhnika,https://www.facebook.com/photo/?fbid=920118012808010&set=a.343441213809029,"petek, 16. februar 2024"
Po zgodbi Toneta Pavčka: JURI MURI V AFRIKI PLEŠE | otroški abonma SOBOTNA MATINEJA,"
Sat Feb 17 2024 10:00:00 GMT+0100 (Central European Standard Time)
 Tomčeva dvorana Domžale",https://dogodki.kulturnik.si/?where=Tom%C4%8Deva%20dvorana-https://dogodki.kulturnik.si/?where=Dom%C5%BEale,https://www.mojekarte.si/si/po-zgodbi-toneta-pavc&#780;ka-juri-muri-v-afriki-ples&#780;e-otroski-abonma-sobotna-matineja/vstopnice-1179715.html,"sobota, 17. februar 2024"
Friderik čaka Zimo,"
Sun Feb 18 2024 10:30:00 GMT+0100 (Central European Standard Time)
 Ljubljanski Grad, Grajsko gledališče Ljubljana",https://dogodki.kulturnik.si/?where=Ljubljanski%20Grad%2C%20Grajsko%20gledali%C5%A1%C4%8De-https://dogodki.kulturnik.si/?where=Ljubljana,https://www.mojekarte.si/si/friderik-caka-zimo/vstopnice-1174801.html,"nedelja, 18. februar 2024"
Kino matineja,"
Mon Feb 19 2024 00:00:00 GMT+0100 (Central European Standard Time)
Tue Feb 20 2024 00:00:00 GMT+0100 (Central European Standard Time)
 Kino Delavski Dom Trbovlje Trbovlje",https://dogodki.kulturnik.si/?where=Kino%20Delavski%20Dom%20Trbovlje-https://dogodki.kulturnik.si/?where=Trbovlje,,"ponedeljek, 19. februar 2024"
Šola čarobnih živali 2,"
Tue Feb 20 2024 10:00:00 GMT+0100 (Central European Standard Time)
Tue Feb 20 2024 11:43:00 GMT+0100 (Central European Standard Time)
 Kinodvor dvorana Ljubljana",https://dogodki.kulturnik.si/?where=Kinodvor%20dvorana-https://dogodki.kulturnik.si/?where=Ljubljana,https://www.kinodvor.org/film/sola-carobnih-zivali-2/,"torek, 20. februar 2024"
kino matineja,"
Wed Feb 21 2024 00:00:00 GMT+0100 (Central European Standard Time)
Thu Feb 22 2024 00:00:00 GMT+0100 (Central European Standard Time)
 Kino Delavski Dom Trbovlje Trbovlje",https://dogodki.kulturnik.si/?where=Kino%20Delavski%20Dom%20Trbovlje-https://dogodki.kulturnik.si/?where=Trbovlje,,"sreda, 21. februar 2024"
Ansambel Modrijani,"
Thu Feb 22 2024 00:00:00 GMT+0100 (Central European Standard Time)
 Žiri",https://dogodki.kulturnik.si/?where=%C5%BDiri,https://www.facebook.com/photo/?fbid=914157113415466&set=a.263359735161877,"četrtek, 22. februar 2024"
Dejan Vunjak in Brendijeve barabe,"
Fri Feb 23 2024 00:00:00 GMT+0100 (Central European Standard Time)
 Dom kulture Braslovče Braslovče",https://dogodki.kulturnik.si/?where=Dom%20kulture%20Braslov%C4%8De-https://dogodki.kulturnik.si/?where=Braslov%C4%8De,https://www.facebook.com/photo/?fbid=920118012808010&set=a.343441213809029,"petek, 23. februar 2024"
10. MENT LJUBLJANA,"
Sat Feb 24 2024 00:00:00 GMT+0100 (Central European Standard Time)
 CUK Kino Šiška Ljubljana",https://dogodki.kulturnik.si/?where=CUK%20Kino%20%C5%A0i%C5%A1ka-https://dogodki.kulturnik.si/?where=Ljubljana,https://www.facebook.com/MENTLjubljana/,"sobota, 24. februar 2024"
Desetnica,"
Sun Feb 25 2024 11:00:00 GMT+0100 (Central European Standard Time)
 Kulturnica LGL Ljubljana",https://dogodki.kulturnik.si/?where=Kulturnica%20LGL-https://dogodki.kulturnik.si/?where=Ljubljana,http://www.lgl.si/si/predstave/vse-predstave/1143-Desetnica,"nedelja, 25. februar 2024"
BARTONOVA AKADEMIJA,"
Mon Feb 26 2024 17:30:00 GMT+0100 (Central European Standard Time)
 Tomčeva dvorana Domžale",https://dogodki.kulturnik.si/?where=Tom%C4%8Deva%20dvorana-https://dogodki.kulturnik.si/?where=Dom%C5%BEale,https://www.mojekarte.si/si/bartonova-akademija/vstopnice-1179761.html,"ponedeljek, 26. februar 2024"
Emil in detektivi,"
Tue Feb 27 2024 17:00:00 GMT+0100 (Central European Standard Time)
 Veliki oder LGL Ljubljana",https://dogodki.kulturnik.si/?where=Veliki%20oder%20LGL-https://dogodki.kulturnik.si/?where=Ljubljana,http://www.lgl.si/si/predstave/vse-predstave/339-Emil-in-detektivi,"torek, 27. februar 2024"
Maria Lassnig: Risbe in slike,"
Wed Feb 28 2024 00:00:00 GMT+0100 (Central European Standard Time)
Sun Aug 18 2024 23:59:59 GMT+0200 (Central European Summer Time)
 Cankarjev dom, Galerija CD Ljubljana",https://dogodki.kulturnik.si/?where=Cankarjev%20dom%2C%20Galerija%20CD-https://dogodki.kulturnik.si/?where=Ljubljana,https://www.cd-cc.si/kultura/razstave/maria-lassnig-risbe-in-slike,"sreda, 28. februar 2024"
ADAMANT,"
Thu Feb 29 2024 10:00:00 GMT+0100 (Central European Standard Time)
 Cankarjev dom Vrhnika Vrhnika",https://dogodki.kulturnik.si/?where=Cankarjev%20dom%20Vrhnika-https://dogodki.kulturnik.si/?where=Vrhnika,https://www.mojekarte.si/si/adamant/vstopnice-1179594.html,"četrtek, 29. februar 2024"
Literature sveta - Fabula,"
Fri Mar 01 2024 00:00:00 GMT+0100 (Central European Standard Time)
Sat Mar 23 2024 00:00:00 GMT+0100 (Central European Standard Time)
 Ljubljana",https://dogodki.kulturnik.si/?where=Ljubljana,https://festival-fabula.org,"petek, 1. marec 2024"
NI KINO,"
Sat Mar 02 2024 00:00:00 GMT+0100 (Central European Standard Time)
Sun Mar 03 2024 00:00:00 GMT+0100 (Central European Standard Time)
 Kino Delavski Dom Trbovlje Trbovlje",https://dogodki.kulturnik.si/?where=Kino%20Delavski%20Dom%20Trbovlje-https://dogodki.kulturnik.si/?where=Trbovlje,,"sobota, 2. marec 2024"
Ansambel Modrijani,"
Sun Mar 03 2024 00:00:00 GMT+0100 (Central European Standard Time)
 Puconci",https://dogodki.kulturnik.si/?where=Puconci,https://www.facebook.com/photo/?fbid=914157113415466&set=a.263359735161877,"nedelja, 3. marec 2024"
Labodje jezero,"
Mon Mar 04 2024 17:00:00 GMT+0100 (Central European Standard Time)
Mon Mar 04 2024 18:00:00 GMT+0100 (Central European Standard Time)
 Cankarjev dom, Gallusova dvorana Ljubljana",https://dogodki.kulturnik.si/?where=Cankarjev%20dom%2C%20Gallusova%20dvorana-https://dogodki.kulturnik.si/?where=Ljubljana,https://www.cd-cc.si/kultura/prireditev-drugega-organizatorja/labodje-jezero,"ponedeljek, 4. marec 2024"
Boštjan Simon solo + Igor Lumpert Syncronicity,"
Tue Mar 05 2024 19:00:00 GMT+0100 (Central European Standard Time)
Tue Mar 05 2024 22:00:00 GMT+0100 (Central European Standard Time)
 Cankarjev dom, Klub CD Ljubljana",https://dogodki.kulturnik.si/?where=Cankarjev%20dom%2C%20Klub%20CD-https://dogodki.kulturnik.si/?where=Ljubljana,https://www.cd-cc.si/kultura/glasba/bostjan-simon-solo-igor-lumpert-syncronicity,"torek, 5. marec 2024"
Pogovori s skladatelji - Cikel 1808: Blaženka Arnič Lemež,"
Wed Mar 06 2024 19:30:00 GMT+0100 (Central European Standard Time)
 Kogojeva dvorana DSS, Ljubljana Ljubljana",https://dogodki.kulturnik.si/?where=Kogojeva%20dvorana%20DSS%2C%20Ljubljana-https://dogodki.kulturnik.si/?where=Ljubljana,,"sreda, 6. marec 2024"
Mladinsko Showcase,"
Thu Mar 07 2024 00:00:00 GMT+0100 (Central European Standard Time)
Mon Mar 11 2024 00:00:00 GMT+0100 (Central European Standard Time)
 Ljubljana",https://dogodki.kulturnik.si/?where=Ljubljana,https://mladinsko.com/sl/,"četrtek, 7. marec 2024"
Ansambel Saša Avsenika / Die Mooskirchner,"
Fri Mar 08 2024 00:00:00 GMT+0100 (Central European Standard Time)
 Gostilna in restavracija Avsenik Begunje na Gorenjskem",https://dogodki.kulturnik.si/?where=Gostilna%20in%20restavracija%20Avsenik-https://dogodki.kulturnik.si/?where=Begunje%20na%20Gorenjskem,https://www.avsenik.com/produkt/slovensko-avstrijski-glasbeni-vecer-ansambel-sasa-avsenika-die-mooskirchner,"petek, 8. marec 2024"
TINKO POLOVINKO,"
Sat Mar 09 2024 10:00:00 GMT+0100 (Central European Standard Time)
 Kulturni dom Vransko Vransko",https://dogodki.kulturnik.si/?where=Kulturni%20dom%20Vransko-https://dogodki.kulturnik.si/?where=Vransko,https://www.mojekarte.si/si/tinko-polovinko/vstopnice-1173439.html,"sobota, 9. marec 2024"
Dejan Vunjak in Brendijeve barabe,"
Sun Mar 10 2024 00:00:00 GMT+0100 (Central European Standard Time)
 Krpanov dom, Pivka",https://dogodki.kulturnik.si/?where=Krpanov%20dom%2C%20Pivka,https://www.facebook.com/photo/?fbid=920118012808010&set=a.343441213809029,"nedelja, 10. marec 2024"
"Priscilla (113', biografska glasbena drama)","
Tue Mar 12 2024 09:00:00 GMT+0100 (Central European Standard Time)
Tue Mar 12 2024 11:00:00 GMT+0100 (Central European Standard Time)
 Kino Delavski Dom Trbovlje Trbovlje",https://dogodki.kulturnik.si/?where=Kino%20Delavski%20Dom%20Trbovlje-https://dogodki.kulturnik.si/?where=Trbovlje,,"torek, 12. marec 2024"
"Nasmehi, ki odpirajo srca","
Wed Mar 13 2024 00:00:00 GMT+0100 (Central European Standard Time)
Sun May 05 2024 23:59:59 GMT+0200 (Central European Summer Time)
 Cankarjev dom, Mala galerija Ljubljana",https://dogodki.kulturnik.si/?where=Cankarjev%20dom%2C%20Mala%20galerija-https://dogodki.kulturnik.si/?where=Ljubljana,https://www.cd-cc.si/kultura/razstave/nasmehi-ki-odpirajo-srca,"sreda, 13. marec 2024"
"Mladi virtuozi: Žan Pečenik - evfonij, Blaž Kozjek - pozavna","
Thu Mar 14 2024 19:00:00 GMT+0100 (Central European Standard Time)
 Viteška dvorana, Križanke Ljubljana",https://dogodki.kulturnik.si/?where=Vite%C5%A1ka%20dvorana%2C%20Kri%C5%BEanke-https://dogodki.kulturnik.si/?where=Ljubljana,https://ljubljanafestival.si/event/zan-pecenik-evfonij-blaz-kozjek-pozavna/,"četrtek, 14. marec 2024"
Dejan Vunjak in Brendijeve barabe,"
Fri Mar 15 2024 00:00:00 GMT+0100 (Central European Standard Time)
 Kulturni center Semič Semič",https://dogodki.kulturnik.si/?where=Kulturni%20center%20Semi%C4%8D-https://dogodki.kulturnik.si/?where=Semi%C4%8D,https://www.facebook.com/photo/?fbid=920118012808010&set=a.343441213809029,"petek, 15. marec 2024"
Bobri,"
Sat Mar 16 2024 00:00:00 GMT+0100 (Central European Standard Time)
Sun Apr 07 2024 00:00:00 GMT+0200 (Central European Summer Time)
 Ljubljana",https://dogodki.kulturnik.si/?where=Ljubljana,http://www.bobri.si/,"sobota, 16. marec 2024"
"Johann Sebastian Bach: Pasijon po Janezu, BWV 245","
Sun Mar 17 2024 19:30:00 GMT+0100 (Central European Standard Time)
Sun Mar 17 2024 21:30:00 GMT+0100 (Central European Standard Time)
 Ljubljana, Slovenia Ljubljana",https://dogodki.kulturnik.si/?where=Ljubljana%2C%20Slovenia-https://dogodki.kulturnik.si/?where=Ljubljana,https://www.nasizbori.si/event/johann-sebastian-bach-pasijon-po-janezu-bwv-245/,"nedelja, 17. marec 2024"
Taake / Nordjevel / Theotoxin,"
Mon Mar 18 2024 19:30:00 GMT+0100 (Central European Standard Time)
 Orto Bar Ljubljana",https://dogodki.kulturnik.si/?where=Orto%20Bar-https://dogodki.kulturnik.si/?where=Ljubljana,https://www.orto-bar.com/dogodki/koncerti/taake-nordjevel-theotoxin/,"ponedeljek, 18. marec 2024"
Gaetano Donizetti: Ljubezenski napoj,"
Tue Mar 19 2024 15:00:00 GMT+0100 (Central European Standard Time)
 SNG Opera Balet Ljubljana Ljubljana",https://dogodki.kulturnik.si/?where=SNG%20Opera%20Balet%20Ljubljana-https://dogodki.kulturnik.si/?where=Ljubljana,https://www.opera.si/sl/program/predstava/opera/ljubezenski-napoj/?d=1674,"torek, 19. marec 2024"
5. koncert cikla Carpe artem,"
Wed Mar 20 2024 19:30:00 GMT+0100 (Central European Standard Time)
 Kazinska dvorana Maribor Maribor",https://dogodki.kulturnik.si/?where=Kazinska%20dvorana%20Maribor-https://dogodki.kulturnik.si/?where=Maribor,https://sngmb.mojekarte.si/si/5-koncert-cikla-carpe-artem/vstopnice-1168831.html,"sreda, 20. marec 2024"
Kritični kabaret,"
Thu Mar 21 2024 19:00:00 GMT+0100 (Central European Standard Time)
Thu Mar 21 2024 21:00:00 GMT+0100 (Central European Standard Time)
 Cankarjev dom, Klub CD Ljubljana",https://dogodki.kulturnik.si/?where=Cankarjev%20dom%2C%20Klub%20CD-https://dogodki.kulturnik.si/?where=Ljubljana,https://www.cd-cc.si/kultura/literatura-in-humanistika/kriticni-kabaret,"četrtek, 21. marec 2024"
Ansambel Modrijani,"
Fri Mar 22 2024 00:00:00 GMT+0100 (Central European Standard Time)
 Mirna Peč",https://dogodki.kulturnik.si/?where=Mirna%20Pe%C4%8D,https://www.facebook.com/photo/?fbid=914157113415466&set=a.263359735161877,"petek, 22. marec 2024"
Ansambel Modrijani,"
Sat Mar 23 2024 00:00:00 GMT+0100 (Central European Standard Time)
 Oplotnica",https://dogodki.kulturnik.si/?where=Oplotnica,https://www.facebook.com/photo/?fbid=914157113415466&set=a.263359735161877,"sobota, 23. marec 2024"
Ansambel Modrijani,"
Sun Mar 24 2024 00:00:00 GMT+0100 (Central European Standard Time)
 Pivka",https://dogodki.kulturnik.si/?where=Pivka,https://www.facebook.com/photo/?fbid=914157113415466&set=a.263359735161877,"nedelja, 24. marec 2024"
Alojz Ajdič: Miši v operni hiši,"
Mon Mar 25 2024 11:00:00 GMT+0100 (Central European Standard Time)
 SNG Opera Balet Ljubljana Ljubljana",https://dogodki.kulturnik.si/?where=SNG%20Opera%20Balet%20Ljubljana-https://dogodki.kulturnik.si/?where=Ljubljana,https://www.opera.si/sl/program/predstava/opera/misi-v-operni-hisi/?d=2070,"ponedeljek, 25. marec 2024"
Ann O&#039;Aro,"
Tue Mar 26 2024 19:30:00 GMT+0100 (Central European Standard Time)
Tue Mar 26 2024 22:00:00 GMT+0100 (Central European Standard Time)
 Cankarjev dom, Klub CD Ljubljana",https://dogodki.kulturnik.si/?where=Cankarjev%20dom%2C%20Klub%20CD-https://dogodki.kulturnik.si/?where=Ljubljana,https://www.cd-cc.si/kultura/glasba/ann-oaro,"torek, 26. marec 2024"
Neposlušno 2024,"
Wed Mar 27 2024 00:00:00 GMT+0100 (Central European Standard Time)
 Center kulture Španski borci Ljubljana",https://dogodki.kulturnik.si/?where=Center%20kulture%20%C5%A0panski%20borci-https://dogodki.kulturnik.si/?where=Ljubljana,https://www.sploh.si/si/glasba/neposlusno/719,"sreda, 27. marec 2024"
Neposlušno 2024,"
Thu Mar 28 2024 00:00:00 GMT+0100 (Central European Standard Time)
 Center kulture Španski borci Ljubljana",https://dogodki.kulturnik.si/?where=Center%20kulture%20%C5%A0panski%20borci-https://dogodki.kulturnik.si/?where=Ljubljana,https://www.sploh.si/si/glasba/neposlusno/719,"četrtek, 28. marec 2024"
Dnevi etnografskega filma,"
Fri Mar 29 2024 00:00:00 GMT+0100 (Central European Standard Time)
Sun Mar 31 2024 00:00:00 GMT+0100 (Central European Standard Time)
 Ljubljana",https://dogodki.kulturnik.si/?where=Ljubljana,http://www.def.si,"petek, 29. marec 2024"
Neposlušno 2024,"
Sat Mar 30 2024 00:00:00 GMT+0100 (Central European Standard Time)
 Center kulture Španski borci Ljubljana",https://dogodki.kulturnik.si/?where=Center%20kulture%20%C5%A0panski%20borci-https://dogodki.kulturnik.si/?where=Ljubljana,https://www.sploh.si/si/glasba/neposlusno/719,"sobota, 30. marec 2024"
Srečno naključje,"
Sun Mar 31 2024 19:00:00 GMT+0200 (Central European Summer Time)
Sun Mar 31 2024 20:36:00 GMT+0200 (Central European Summer Time)
 Kinodvor dvorana Ljubljana",https://dogodki.kulturnik.si/?where=Kinodvor%20dvorana-https://dogodki.kulturnik.si/?where=Ljubljana,https://www.kinodvor.org/film/srecno-nakljucje/,"nedelja, 31. marec 2024"
Nune v akciji!,"
Tue Apr 02 2024 19:30:00 GMT+0200 (Central European Summer Time)
Tue Apr 02 2024 21:00:00 GMT+0200 (Central European Summer Time)
 Cankarjev dom, Linhartova dvorana Ljubljana",https://dogodki.kulturnik.si/?where=Cankarjev%20dom%2C%20Linhartova%20dvorana-https://dogodki.kulturnik.si/?where=Ljubljana,https://www.cd-cc.si/kultura/prireditev-drugega-organizatorja/nune-v-akciji,"torek, 2. april 2024"
Orto Fest: Plateau / Majmunska posla,"
Wed Apr 03 2024 20:00:00 GMT+0200 (Central European Summer Time)
 Orto Bar Ljubljana",https://dogodki.kulturnik.si/?where=Orto%20Bar-https://dogodki.kulturnik.si/?where=Ljubljana,https://www.orto-bar.com/dogodki/koncerti/orto-fest-2024-plateaumajmunska-posla/,"sreda, 3. april 2024"
"Mladi virtuozi: Ana Mir - rog, Godalni kvartet Opifex","
Thu Apr 04 2024 19:00:00 GMT+0200 (Central European Summer Time)
 Viteška dvorana, Križanke Ljubljana",https://dogodki.kulturnik.si/?where=Vite%C5%A1ka%20dvorana%2C%20Kri%C5%BEanke-https://dogodki.kulturnik.si/?where=Ljubljana,https://ljubljanafestival.si/event/ana-mir-rog-godalni-kvartet-opifex/,"četrtek, 4. april 2024"
Dejan Vunjak in Brendijeve barabe,"
Fri Apr 05 2024 00:00:00 GMT+0200 (Central European Summer Time)
 Kulturni center Primoža Trubarja Šentjernej",https://dogodki.kulturnik.si/?where=Kulturni%20center%20Primo%C5%BEa%20Trubarja-https://dogodki.kulturnik.si/?where=%C5%A0entjernej,https://www.facebook.com/photo/?fbid=920118012808010&set=a.343441213809029,"petek, 5. april 2024"
Jež Milan in jutranja tečnoba,"
Sat Apr 06 2024 11:00:00 GMT+0200 (Central European Summer Time)
 SiTiTeater, Ljubljana Ljubljana",https://dogodki.kulturnik.si/?where=SiTiTeater%2C%20Ljubljana-https://dogodki.kulturnik.si/?where=Ljubljana,https://www.mojekarte.si/si/jez-milan-in-jutranja-tecnoba/vstopnice-1174113.html,"sobota, 6. april 2024"
Amira Medunjanin,"
Mon Apr 08 2024 20:00:00 GMT+0200 (Central European Summer Time)
 Kosovelov dom Sežana Sežana",https://dogodki.kulturnik.si/?where=Kosovelov%20dom%20Se%C5%BEana-https://dogodki.kulturnik.si/?where=Se%C5%BEana,https://kosovelovdom.si/dogodki/amira-medunjanin/,"ponedeljek, 8. april 2024"
Glasbeno kraljestvo živali,"
Tue Apr 09 2024 09:00:00 GMT+0200 (Central European Summer Time)
Tue Apr 09 2024 10:00:00 GMT+0200 (Central European Summer Time)
 Cankarjev dom, Gallusova dvorana Ljubljana",https://dogodki.kulturnik.si/?where=Cankarjev%20dom%2C%20Gallusova%20dvorana-https://dogodki.kulturnik.si/?where=Ljubljana,https://www.cd-cc.si/kultura/glasba/glasbeno-kraljestvo-zivali-0,"torek, 9. april 2024"
"Koncertni atelje: Anja Clift - flavte, Valentina Štrucelj - klarineti","
Wed Apr 10 2024 19:30:00 GMT+0200 (Central European Summer Time)
 Kogojeva dvorana DSS, Ljubljana Ljubljana",https://dogodki.kulturnik.si/?where=Kogojeva%20dvorana%20DSS%2C%20Ljubljana-https://dogodki.kulturnik.si/?where=Ljubljana,,"sreda, 10. april 2024"
Kromatika 7: SO RTV Slovenija,"
Thu Apr 11 2024 19:30:00 GMT+0200 (Central European Summer Time)
 Cankarjev dom Ljubljana",https://dogodki.kulturnik.si/?where=Cankarjev%20dom-https://dogodki.kulturnik.si/?where=Ljubljana,https://simfoniki.rtvslo.si/kromatika-202324/,"četrtek, 11. april 2024"
Ansambel Modrijani,"
Fri Apr 12 2024 00:00:00 GMT+0200 (Central European Summer Time)
 Semič",https://dogodki.kulturnik.si/?where=Semi%C4%8D,https://www.facebook.com/photo/?fbid=914157113415466&set=a.263359735161877,"petek, 12. april 2024"
DA! 5 Glasbena pravljica Štirje godci,"
Sat Apr 13 2024 10:00:00 GMT+0200 (Central European Summer Time)
 Slovenska filharmonija Ljubljana",https://dogodki.kulturnik.si/?where=Slovenska%20filharmonija-https://dogodki.kulturnik.si/?where=Ljubljana,https://filharmonija.si/koncert/glasbena-pravljica-stirje-godci/,"sobota, 13. april 2024"
GRK ZORBA,"
Sun Apr 14 2024 17:00:00 GMT+0200 (Central European Summer Time)
 SNG Maribor: Dvorana Ondine Otta Klasinc... Maribor",https://dogodki.kulturnik.si/?where=SNG%20Maribor%3A%20Dvorana%20Ondine%20Otta%20Klasinc...-https://dogodki.kulturnik.si/?where=Maribor,https://sngmb.mojekarte.si/si/grk-zorba/vstopnice-1167865.html,"nedelja, 14. april 2024"
Gruzijski nacionalni balet Sukišvili,"
Mon Apr 15 2024 20:00:00 GMT+0200 (Central European Summer Time)
Mon Apr 15 2024 22:00:00 GMT+0200 (Central European Summer Time)
 Cankarjev dom, Gallusova dvorana Ljubljana",https://dogodki.kulturnik.si/?where=Cankarjev%20dom%2C%20Gallusova%20dvorana-https://dogodki.kulturnik.si/?where=Ljubljana,https://www.cd-cc.si/kultura/prireditev-drugega-organizatorja/gruzijski-nacionalni-balet-sukisvili,"ponedeljek, 15. april 2024"
Abonma Liffe po Liffu: Nesrečna bitja (Poor Things),"
Tue Apr 16 2024 19:30:00 GMT+0200 (Central European Summer Time)
Tue Apr 16 2024 22:00:00 GMT+0200 (Central European Summer Time)
 Cankarjev dom, Kosovelova dvorana Ljubljana",https://dogodki.kulturnik.si/?where=Cankarjev%20dom%2C%20Kosovelova%20dvorana-https://dogodki.kulturnik.si/?where=Ljubljana,https://www.cd-cc.si/kultura/film/abonma-liffe-po-liffu-nesrecna-bitja-poor-things,"torek, 16. april 2024"
Po soncu,"
Wed Apr 17 2024 10:00:00 GMT+0200 (Central European Summer Time)
Wed Apr 17 2024 11:38:00 GMT+0200 (Central European Summer Time)
 Kinodvor dvorana Ljubljana",https://dogodki.kulturnik.si/?where=Kinodvor%20dvorana-https://dogodki.kulturnik.si/?where=Ljubljana,https://www.kinodvor.org/film/po-soncu/,"sreda, 17. april 2024"
Noč slovenskih skladateljev,"
Thu Apr 18 2024 19:00:00 GMT+0200 (Central European Summer Time)
 Slovenska filharmonija Ljubljana",https://dogodki.kulturnik.si/?where=Slovenska%20filharmonija-https://dogodki.kulturnik.si/?where=Ljubljana,,"četrtek, 18. april 2024"
Dejan Vunjak in Brendijeve barabe,"
Fri Apr 19 2024 00:00:00 GMT+0200 (Central European Summer Time)
 Gledališče Park Murska Sobota",https://dogodki.kulturnik.si/?where=Gledali%C5%A1%C4%8De%20Park-https://dogodki.kulturnik.si/?where=Murska%20Sobota,https://www.facebook.com/photo/?fbid=920118012808010&set=a.343441213809029,"petek, 19. april 2024"
Naša pesem,"
Sat Apr 20 2024 00:00:00 GMT+0200 (Central European Summer Time)
Mon Apr 22 2024 00:00:00 GMT+0200 (Central European Summer Time)
 Maribor",https://dogodki.kulturnik.si/?where=Maribor,http://www.jskd.si/glasba/zborovska/prireditve_zborovska/uvod_prireditve_zborovska.htm,"sobota, 20. april 2024"
Dejan Vunjak in Brendijeve barabe,"
Sun Apr 21 2024 00:00:00 GMT+0200 (Central European Summer Time)
 Kulturni dom Krško Krško",https://dogodki.kulturnik.si/?where=Kulturni%20dom%20Kr%C5%A1ko-https://dogodki.kulturnik.si/?where=Kr%C5%A1ko,https://www.facebook.com/photo/?fbid=920118012808010&set=a.343441213809029,"nedelja, 21. april 2024"
SLG Celje: Juriš,"
Mon Apr 22 2024 19:00:00 GMT+0200 (Central European Summer Time)
Mon Apr 22 2024 21:00:00 GMT+0200 (Central European Summer Time)
 Cankarjev dom, Kosovelova dvorana Ljubljana",https://dogodki.kulturnik.si/?where=Cankarjev%20dom%2C%20Kosovelova%20dvorana-https://dogodki.kulturnik.si/?where=Ljubljana,https://www.cd-cc.si/kultura/gledalisce-in-ples/slg-celje-juris,"ponedeljek, 22. april 2024"
Orto Fest: Društvo Mrtvih Pesnikov,"
Tue Apr 23 2024 20:00:00 GMT+0200 (Central European Summer Time)
 Orto Bar Ljubljana",https://dogodki.kulturnik.si/?where=Orto%20Bar-https://dogodki.kulturnik.si/?where=Ljubljana,https://www.orto-bar.com/dogodki/koncerti/orto-fest-2024-drustvo-mrtvih-pesnikov/,"torek, 23. april 2024"
Klavirski trio,"
Wed Apr 24 2024 19:30:00 GMT+0200 (Central European Summer Time)
Wed Apr 24 2024 21:00:00 GMT+0200 (Central European Summer Time)
 Slovenska filharmonija Ljubljana",https://dogodki.kulturnik.si/?where=Slovenska%20filharmonija-https://dogodki.kulturnik.si/?where=Ljubljana,https://www.cd-cc.si/kultura/glasba/klavirski-trio,"sreda, 24. april 2024"
Dejan Vunjak in Brendijeve barabe,"
Thu Apr 25 2024 00:00:00 GMT+0200 (Central European Summer Time)
 Kulturni center Rogaška Slatina Rogaška Slatina",https://dogodki.kulturnik.si/?where=Kulturni%20center%20Roga%C5%A1ka%20Slatina-https://dogodki.kulturnik.si/?where=Roga%C5%A1ka%20Slatina,https://www.facebook.com/photo/?fbid=920118012808010&set=a.343441213809029,"četrtek, 25. april 2024"
Jazz Club Ljubljanski grad: Balkan Boys,"
Fri Apr 26 2024 00:00:00 GMT+0200 (Central European Summer Time)
 Ljubljanski grad Ljubljana",https://dogodki.kulturnik.si/?where=Ljubljanski%20grad-https://dogodki.kulturnik.si/?where=Ljubljana,https://www.ljubljanskigrad.si/sl/dogodki/balkan-boys-4/,"petek, 26. april 2024"
Orto Fest: RVR River / Romachild,"
Sat Apr 27 2024 20:00:00 GMT+0200 (Central European Summer Time)
 Orto Bar Ljubljana",https://dogodki.kulturnik.si/?where=Orto%20Bar-https://dogodki.kulturnik.si/?where=Ljubljana,https://www.orto-bar.com/dogodki/koncerti/zakljucek-orto-festa-2024-rvr-river-romachild/,"sobota, 27. april 2024"
Dejan Vunjak in Brendijeve barabe,"
Sun Apr 28 2024 00:00:00 GMT+0200 (Central European Summer Time)
 Kulturni center Kočevje Kočevje",https://dogodki.kulturnik.si/?where=Kulturni%20center%20Ko%C4%8Devje-https://dogodki.kulturnik.si/?where=Ko%C4%8Devje,https://www.facebook.com/photo/?fbid=920118012808010&set=a.343441213809029,"nedelja, 28. april 2024"
John Zorn New Masada Quartet,"
Mon Apr 29 2024 20:00:00 GMT+0200 (Central European Summer Time)
 Cankarjev dom Ljubljana",https://dogodki.kulturnik.si/?where=Cankarjev%20dom-https://dogodki.kulturnik.si/?where=Ljubljana,https://www.cd-cc.si/kultura/glasba/john-zorn-new-masada-quartet-prestavljeno-na-29-april-2024,"ponedeljek, 29. april 2024"
SITI TROJČEK - abonma 2023/24,"
Tue Apr 30 2024 00:00:00 GMT+0200 (Central European Summer Time)
 SiTiTeater, Ljubljana Ljubljana",https://dogodki.kulturnik.si/?where=SiTiTeater%2C%20Ljubljana-https://dogodki.kulturnik.si/?where=Ljubljana,https://www.mojekarte.si/si/siti-trojcek-abonma-2023-24/vstopnice-1166933.html,"torek, 30. april 2024"
Kromatika 8: SO RTV Slovenija,"
Thu May 02 2024 19:30:00 GMT+0200 (Central European Summer Time)
 Cankarjev dom Ljubljana",https://dogodki.kulturnik.si/?where=Cankarjev%20dom-https://dogodki.kulturnik.si/?where=Ljubljana,https://simfoniki.rtvslo.si/kromatika-202324/,"četrtek, 2. maj 2024"
SMS 5: Za vse po vrsti,"
Sat May 04 2024 19:30:00 GMT+0200 (Central European Summer Time)
Sat May 04 2024 22:00:00 GMT+0200 (Central European Summer Time)
 Cankarjev dom, Gallusova dvorana Ljubljana",https://dogodki.kulturnik.si/?where=Cankarjev%20dom%2C%20Gallusova%20dvorana-https://dogodki.kulturnik.si/?where=Ljubljana,https://www.cd-cc.si/kultura/glasba/sms-5-za-vse-po-vrsti,"sobota, 4. maj 2024"
Dr. Svetlana Slapšak: Onkraj stvarnosti: čudežna bitja,"
Tue May 07 2024 18:00:00 GMT+0200 (Central European Summer Time)
Tue May 07 2024 20:00:00 GMT+0200 (Central European Summer Time)
 Cankarjev dom, Kosovelova dvorana Ljubljana",https://dogodki.kulturnik.si/?where=Cankarjev%20dom%2C%20Kosovelova%20dvorana-https://dogodki.kulturnik.si/?where=Ljubljana,https://www.cd-cc.si/kultura/literatura-in-humanistika/dr-svetlana-slapsak-onkraj-stvarnosti-cudezna-bitja,"torek, 7. maj 2024"
"Mladi mladim, maj 2024","
Wed May 08 2024 19:30:00 GMT+0200 (Central European Summer Time)
 Cankarjev dom, Kosovelova dvorana Ljubljana",https://dogodki.kulturnik.si/?where=Cankarjev%20dom%2C%20Kosovelova%20dvorana-https://dogodki.kulturnik.si/?where=Ljubljana,https://www.mojekarte.si/si/mladi-mladim-maj-2024/vstopnice-1176667.html,"sreda, 8. maj 2024"
FKK 5: Za radožive,"
Thu May 09 2024 19:30:00 GMT+0200 (Central European Summer Time)
Thu May 09 2024 22:00:00 GMT+0200 (Central European Summer Time)
 Cankarjev dom, Gallusova dvorana Ljubljana",https://dogodki.kulturnik.si/?where=Cankarjev%20dom%2C%20Gallusova%20dvorana-https://dogodki.kulturnik.si/?where=Ljubljana,https://www.cd-cc.si/kultura/glasba/fkk-5-za-radozive,"četrtek, 9. maj 2024"
FKK 5: Za radožive,"
Fri May 10 2024 19:30:00 GMT+0200 (Central European Summer Time)
 Cankarjev dom, Gallusova dvorana Ljubljana",https://dogodki.kulturnik.si/?where=Cankarjev%20dom%2C%20Gallusova%20dvorana-https://dogodki.kulturnik.si/?where=Ljubljana,https://www.mojekarte.si/si/fkk-5-za-radozive/vstopnice-1171968.html,"petek, 10. maj 2024"
Podvodni koncert,"
Sat May 11 2024 15:00:00 GMT+0200 (Central European Summer Time)
 Cankarjev dom, Kosovelova dvorana Ljubljana",https://dogodki.kulturnik.si/?where=Cankarjev%20dom%2C%20Kosovelova%20dvorana-https://dogodki.kulturnik.si/?where=Ljubljana,https://www.mojekarte.si/si/podvodni-koncert/vstopnice-1169105.html,"sobota, 11. maj 2024"
"Prideš, skočiš, padeš!","
Sun May 12 2024 20:00:00 GMT+0200 (Central European Summer Time)
Sun May 12 2024 21:22:22 GMT+0200 (Central European Summer Time)
 Cankarjev dom, Klub CD Ljubljana",https://dogodki.kulturnik.si/?where=Cankarjev%20dom%2C%20Klub%20CD-https://dogodki.kulturnik.si/?where=Ljubljana,https://www.cd-cc.si/kultura/za-mlade-in-sole/prides-skocis-pades,"nedelja, 12. maj 2024"
FKK 6: Za konec sezone,"
Mon May 13 2024 19:30:00 GMT+0200 (Central European Summer Time)
Mon May 13 2024 22:00:00 GMT+0200 (Central European Summer Time)
 Cankarjev dom, Gallusova dvorana Ljubljana",https://dogodki.kulturnik.si/?where=Cankarjev%20dom%2C%20Gallusova%20dvorana-https://dogodki.kulturnik.si/?where=Ljubljana,https://www.cd-cc.si/kultura/glasba/fkk-6-za-konec-sezone,"ponedeljek, 13. maj 2024"
Abonma Liffe po Liffu: Interesno območje (The Zone of Interest),"
Tue May 14 2024 19:30:00 GMT+0200 (Central European Summer Time)
Tue May 14 2024 22:00:00 GMT+0200 (Central European Summer Time)
 Cankarjev dom, Kosovelova dvorana Ljubljana",https://dogodki.kulturnik.si/?where=Cankarjev%20dom%2C%20Kosovelova%20dvorana-https://dogodki.kulturnik.si/?where=Ljubljana,https://www.cd-cc.si/kultura/film/abonma-liffe-po-liffu-interesno-obmocje-zone-interest,"torek, 14. maj 2024"
Modri kaftan,"
Wed May 15 2024 10:00:00 GMT+0200 (Central European Summer Time)
Wed May 15 2024 12:04:00 GMT+0200 (Central European Summer Time)
 Kinodvor dvorana Ljubljana",https://dogodki.kulturnik.si/?where=Kinodvor%20dvorana-https://dogodki.kulturnik.si/?where=Ljubljana,https://www.kinodvor.org/film/modri-kaftan/,"sreda, 15. maj 2024"
Abonma Amabile: kvartet Con anima,"
Thu May 16 2024 19:30:00 GMT+0200 (Central European Summer Time)
 Pokrajinski muzej Koper Koper",https://dogodki.kulturnik.si/?where=Pokrajinski%20muzej%20Koper-https://dogodki.kulturnik.si/?where=Koper,https://www.dpgkoper.com/index.php?id=119&p=&search=#ontitle,"četrtek, 16. maj 2024"
Mednarodni trienale umetnost in okolje,"
Fri May 17 2024 00:00:00 GMT+0200 (Central European Summer Time)
Sun Jul 28 2024 00:00:00 GMT+0200 (Central European Summer Time)
 Maribor",https://dogodki.kulturnik.si/?where=Maribor,http://www.ugm.si,"petek, 17. maj 2024"
SIM 4: Predstavitev skladateljice Unsuk Chin in skladbe Rocanā,"
Sat May 18 2024 11:00:00 GMT+0200 (Central European Summer Time)
 Slovenska filharmonija Ljubljana",https://dogodki.kulturnik.si/?where=Slovenska%20filharmonija-https://dogodki.kulturnik.si/?where=Ljubljana,https://filharmonija.si/koncert/predstavitev-skladateljice-unsuk-chin-in-skladbe-rocana/,"sobota, 18. maj 2024"
TOSCA,"
Sun May 19 2024 17:00:00 GMT+0200 (Central European Summer Time)
 SNG Maribor: Dvorana Ondine Otta Klasinc... Maribor",https://dogodki.kulturnik.si/?where=SNG%20Maribor%3A%20Dvorana%20Ondine%20Otta%20Klasinc...-https://dogodki.kulturnik.si/?where=Maribor,https://sngmb.mojekarte.si/si/tosca/vstopnice-1167873.html,"nedelja, 19. maj 2024"
TOSCA,"
Tue May 21 2024 19:30:00 GMT+0200 (Central European Summer Time)
 SNG Maribor: Dvorana Ondine Otta Klasinc... Maribor",https://dogodki.kulturnik.si/?where=SNG%20Maribor%3A%20Dvorana%20Ondine%20Otta%20Klasinc...-https://dogodki.kulturnik.si/?where=Maribor,https://sngmb.mojekarte.si/si/tosca/vstopnice-1167940.html,"torek, 21. maj 2024"
Nasprotovanja,"
Wed May 22 2024 19:30:00 GMT+0200 (Central European Summer Time)
 SNG Maribor: Kazinska dvorana Maribor",https://dogodki.kulturnik.si/?where=SNG%20Maribor%3A%20Kazinska%20dvorana-https://dogodki.kulturnik.si/?where=Maribor,https://www.carpeartem.eu/cikel-carpe-artem-202324_1/nasprotovanja/,"sreda, 22. maj 2024"
Mednarodni festival Druga godba,"
Thu May 23 2024 00:00:00 GMT+0200 (Central European Summer Time)
Mon May 27 2024 00:00:00 GMT+0200 (Central European Summer Time)
 Ljubljana",https://dogodki.kulturnik.si/?where=Ljubljana,http://www.drugagodba.si/,"četrtek, 23. maj 2024"
Svetlobna gverila,"
Fri May 24 2024 00:00:00 GMT+0200 (Central European Summer Time)
Wed Jun 26 2024 00:00:00 GMT+0200 (Central European Summer Time)
 Ljubljana",https://dogodki.kulturnik.si/?where=Ljubljana,http://www.svetlobnagverila.net/,"petek, 24. maj 2024"
Cosi fan tutte DRU,"
Sat May 25 2024 18:00:00 GMT+0200 (Central European Summer Time)
 SNG Opera Balet Ljubljana Ljubljana",https://dogodki.kulturnik.si/?where=SNG%20Opera%20Balet%20Ljubljana-https://dogodki.kulturnik.si/?where=Ljubljana,https://www.mojekarte.si/si/cosi-fan-tutte-dru/vstopnice-1169330.html,"sobota, 25. maj 2024"
PVC 6: Za odmik,"
Sun May 26 2024 19:30:00 GMT+0200 (Central European Summer Time)
 Slovenska filharmonija Ljubljana",https://dogodki.kulturnik.si/?where=Slovenska%20filharmonija-https://dogodki.kulturnik.si/?where=Ljubljana,https://filharmonija.si/koncert/za-odmik/,"nedelja, 26. maj 2024"
Cosi fan tutte TOR,"
Tue May 28 2024 19:30:00 GMT+0200 (Central European Summer Time)
 SNG Opera Balet Ljubljana Ljubljana",https://dogodki.kulturnik.si/?where=SNG%20Opera%20Balet%20Ljubljana-https://dogodki.kulturnik.si/?where=Ljubljana,https://www.mojekarte.si/si/cosi-fan-tutte-tor/vstopnice-1169325.html,"torek, 28. maj 2024"
Sting,"
Wed May 29 2024 20:00:00 GMT+0200 (Central European Summer Time)
 Dvorana Stožice Ljubljana",https://dogodki.kulturnik.si/?where=Dvorana%20Sto%C5%BEice-https://dogodki.kulturnik.si/?where=Ljubljana,https://www.facebook.com/events/700141625412465/,"sreda, 29. maj 2024"
NOFX,"
Thu May 30 2024 19:00:00 GMT+0200 (Central European Summer Time)
 Media Center, Ljubljana",https://dogodki.kulturnik.si/?where=Media%20Center%2C%20Ljubljana,https://www.facebook.com/events/1127831554860116/,"četrtek, 30. maj 2024"
SITI TEATER - Darilna vstopnica za otroške predstave 2023/24,"
Fri May 31 2024 00:00:00 GMT+0200 (Central European Summer Time)
 SiTiTeater, Ljubljana Ljubljana",https://dogodki.kulturnik.si/?where=SiTiTeater%2C%20Ljubljana-https://dogodki.kulturnik.si/?where=Ljubljana,https://www.mojekarte.si/si/siti-teater-darilna-vstopnica-za-otroske-predstave-2023-24/vstopnice-1166934.html,"petek, 31. maj 2024"
La Boheme,"
Sat Jun 01 2024 19:30:00 GMT+0200 (Central European Summer Time)
 SNG Opera Balet Ljubljana Ljubljana",https://dogodki.kulturnik.si/?where=SNG%20Opera%20Balet%20Ljubljana-https://dogodki.kulturnik.si/?where=Ljubljana,https://www.mojekarte.si/si/la-boheme/vstopnice-1177082.html,"sobota, 1. junij 2024"
Festival Borštnikovo srečanje,"
Mon Jun 03 2024 00:00:00 GMT+0200 (Central European Summer Time)
Mon Jun 17 2024 00:00:00 GMT+0200 (Central European Summer Time)
 Maribor",https://dogodki.kulturnik.si/?where=Maribor,http://www.borstnikovo.si/,"ponedeljek, 3. junij 2024"
Abonma Amabile: trobilni kvintet Contrast,"
Tue Jun 04 2024 19:30:00 GMT+0200 (Central European Summer Time)
 Pokrajinski muzej Koper Koper",https://dogodki.kulturnik.si/?where=Pokrajinski%20muzej%20Koper-https://dogodki.kulturnik.si/?where=Koper,https://www.dpgkoper.com/index.php?id=120&p=&search=#ontitle,"torek, 4. junij 2024"
Festival Kino Otok,"
Wed Jun 05 2024 00:00:00 GMT+0200 (Central European Summer Time)
Mon Jun 10 2024 00:00:00 GMT+0200 (Central European Summer Time)
 Izola",https://dogodki.kulturnik.si/?where=Izola,http://www.isolacinema.org,"sreda, 5. junij 2024"
Slovenski oglaševalski festival (SOF),"
Thu Jun 06 2024 00:00:00 GMT+0200 (Central European Summer Time)
Sat Jun 08 2024 00:00:00 GMT+0200 (Central European Summer Time)
 Ljubljana",https://dogodki.kulturnik.si/?where=Ljubljana,https://sof.si/,"četrtek, 6. junij 2024"
VIP 5: Za dušo,"
Fri Jun 07 2024 19:30:00 GMT+0200 (Central European Summer Time)
 Slovenska filharmonija Ljubljana",https://dogodki.kulturnik.si/?where=Slovenska%20filharmonija-https://dogodki.kulturnik.si/?where=Ljubljana,https://filharmonija.si/koncert/za-duso/,"petek, 7. junij 2024"
Cosi fan tutte SOB,"
Sat Jun 08 2024 19:30:00 GMT+0200 (Central European Summer Time)
 SNG Opera Balet Ljubljana Ljubljana",https://dogodki.kulturnik.si/?where=SNG%20Opera%20Balet%20Ljubljana-https://dogodki.kulturnik.si/?where=Ljubljana,https://www.mojekarte.si/si/cosi-fan-tutte-sob/vstopnice-1169328.html,"sobota, 8. junij 2024"
Staatstheater Mainz: VEZI DUŠ,"
Sun Jun 09 2024 19:30:00 GMT+0200 (Central European Summer Time)
 Cankarjev dom, Gallusova dvorana Ljubljana",https://dogodki.kulturnik.si/?where=Cankarjev%20dom%2C%20Gallusova%20dvorana-https://dogodki.kulturnik.si/?where=Ljubljana,https://www.mojekarte.si/si/staatstheater-mainz-vezi-dus/vstopnice-1168134.html,"nedelja, 9. junij 2024"
Abonma Liffe po Liffu: Rdeče nebo (Roter Himmel),"
Tue Jun 11 2024 19:30:00 GMT+0200 (Central European Summer Time)
Tue Jun 11 2024 22:00:00 GMT+0200 (Central European Summer Time)
 Cankarjev dom, Kosovelova dvorana Ljubljana",https://dogodki.kulturnik.si/?where=Cankarjev%20dom%2C%20Kosovelova%20dvorana-https://dogodki.kulturnik.si/?where=Ljubljana,https://www.cd-cc.si/kultura/film/abonma-liffe-po-liffu-rdece-nebo-roter-himmel,"torek, 11. junij 2024"
Pogovori s skladatelji - Cikel 1808: Godalni kvartet Accademia,"
Wed Jun 12 2024 19:30:00 GMT+0200 (Central European Summer Time)
 Kogojeva dvorana DSS, Ljubljana Ljubljana",https://dogodki.kulturnik.si/?where=Kogojeva%20dvorana%20DSS%2C%20Ljubljana-https://dogodki.kulturnik.si/?where=Ljubljana,,"sreda, 12. junij 2024"
FKK 6: Za konec sezone,"
Thu Jun 13 2024 19:30:00 GMT+0200 (Central European Summer Time)
 Cankarjev dom Ljubljana",https://dogodki.kulturnik.si/?where=Cankarjev%20dom-https://dogodki.kulturnik.si/?where=Ljubljana,https://www.cd-cc.si/kultura/glasba/fkk-6-za-konec-sezone,"četrtek, 13. junij 2024"
Festival idrijske čipke,"
Fri Jun 14 2024 00:00:00 GMT+0200 (Central European Summer Time)
Mon Jun 17 2024 00:00:00 GMT+0200 (Central European Summer Time)
 Idrija",https://dogodki.kulturnik.si/?where=Idrija,http://festivalidrijskecipke.si/,"petek, 14. junij 2024"
Trnuljčica DRU,"
Sat Jun 15 2024 18:00:00 GMT+0200 (Central European Summer Time)
 SNG Opera Balet Ljubljana Ljubljana",https://dogodki.kulturnik.si/?where=SNG%20Opera%20Balet%20Ljubljana-https://dogodki.kulturnik.si/?where=Ljubljana,https://www.mojekarte.si/si/trnuljcica-dru/vstopnice-1169375.html,"sobota, 15. junij 2024"
Festival narodnozabavne glasbe Vurberk,"
Sun Jun 16 2024 00:00:00 GMT+0200 (Central European Summer Time)
Sat Jun 22 2024 00:00:00 GMT+0200 (Central European Summer Time)
 Spodnji Duplek",https://dogodki.kulturnik.si/?where=Spodnji%20Duplek,http://www.vurberk.si/festival.html,"nedelja, 16. junij 2024"
Mednarodni glasbeni festival Arsana,"
Tue Jun 18 2024 00:00:00 GMT+0200 (Central European Summer Time)
Sun Sep 01 2024 00:00:00 GMT+0200 (Central European Summer Time)
 Ptuj",https://dogodki.kulturnik.si/?where=Ptuj,http://festivalarsana.com/,"torek, 18. junij 2024"
Festival Lent,"
Fri Jun 21 2024 00:00:00 GMT+0200 (Central European Summer Time)
Sun Jun 30 2024 00:00:00 GMT+0200 (Central European Summer Time)
 Maribor",https://dogodki.kulturnik.si/?where=Maribor,http://www.festival-lent.si,"petek, 21. junij 2024"
Elvis Homan,"
Fri Jun 28 2024 20:00:00 GMT+0200 (Central European Summer Time)
 Klub Štala, Lokavec Ajdovščina",https://dogodki.kulturnik.si/?where=Klub%20%C5%A0tala%2C%20Lokavec-https://dogodki.kulturnik.si/?where=Ajdov%C5%A1%C4%8Dina,https://www.kudkussa.com/events.html,"petek, 28. junij 2024"
Gibonni,"
Sat Jun 29 2024 21:00:00 GMT+0200 (Central European Summer Time)
 Titov trg Koper Koper",https://dogodki.kulturnik.si/?where=Titov%20trg%20Koper-https://dogodki.kulturnik.si/?where=Koper,https://www.entrio.si/event/gibonni-16153,"sobota, 29. junij 2024"
Festival Bled,"
Mon Jul 01 2024 00:00:00 GMT+0200 (Central European Summer Time)
Mon Jul 15 2024 00:00:00 GMT+0200 (Central European Summer Time)
 Lesce",https://dogodki.kulturnik.si/?where=Lesce,http://www.festivalbled.com,"ponedeljek, 1. julij 2024"
Kreativni tabor Sajeta,"
Wed Jul 03 2024 00:00:00 GMT+0200 (Central European Summer Time)
Mon Jul 08 2024 00:00:00 GMT+0200 (Central European Summer Time)
 Tolmin",https://dogodki.kulturnik.si/?where=Tolmin,http://www.sajeta.org,"sreda, 3. julij 2024"
Festival Butik,"
Wed Jul 10 2024 00:00:00 GMT+0200 (Central European Summer Time)
Mon Jul 15 2024 00:00:00 GMT+0200 (Central European Summer Time)
 Tolmin",https://dogodki.kulturnik.si/?where=Tolmin,https://butikfestival.com/,"sreda, 10. julij 2024"
Festival drugačne glasbe Trnje,"
Fri Jul 12 2024 00:00:00 GMT+0200 (Central European Summer Time)
Sun Jul 14 2024 00:00:00 GMT+0200 (Central European Summer Time)
 Postojna",https://dogodki.kulturnik.si/?where=Postojna,https://www.facebook.com/trnjefest/,"petek, 12. julij 2024"
"Mednarodni folklorni festival, Beltinci","
Thu Jul 18 2024 00:00:00 GMT+0200 (Central European Summer Time)
Mon Jul 22 2024 00:00:00 GMT+0200 (Central European Summer Time)
 Beltinci",https://dogodki.kulturnik.si/?where=Beltinci,http://www.kud-beltinci.si/folklorni-festival/,"četrtek, 18. julij 2024"
Tolminator,"
Wed Jul 24 2024 00:00:00 GMT+0200 (Central European Summer Time)
Mon Jul 29 2024 00:00:00 GMT+0200 (Central European Summer Time)
 Ig",https://dogodki.kulturnik.si/?where=Ig,https://tolminator.com/,"sreda, 24. julij 2024"
Pomurski Poletni Festival,"
Sat Aug 03 2024 00:00:00 GMT+0200 (Central European Summer Time)
Sun Aug 11 2024 00:00:00 GMT+0200 (Central European Summer Time)
 Velika Polana",https://dogodki.kulturnik.si/?where=Velika%20Polana,http://www.strk.si,"sobota, 3. avgust 2024"
Punk Rock Holiday,"
Mon Aug 05 2024 00:00:00 GMT+0200 (Central European Summer Time)
Sat Aug 10 2024 00:00:00 GMT+0200 (Central European Summer Time)
 Ljubljana",https://dogodki.kulturnik.si/?where=Ljubljana,http://www.punkrockholiday.com/,"ponedeljek, 5. avgust 2024"
"Festivalski predtakt: Adriana Alcaide (ES), Ana Marija Krajnc (SI)","
Fri Aug 09 2024 00:00:00 GMT+0200 (Central European Summer Time)
 Celje, Glasbena �ola Celje",https://dogodki.kulturnik.si/?where=Celje%2C%20Glasbena%20%EF%BF%BDola%20Celje,http://www.seviqc-brezice.si/festivalski-predtakt.23.html,"petek, 9. avgust 2024"
Festival Radovljica,"
Sat Aug 10 2024 00:00:00 GMT+0200 (Central European Summer Time)
Wed Aug 28 2024 00:00:00 GMT+0200 (Central European Summer Time)
 Radovljica",https://dogodki.kulturnik.si/?where=Radovljica,http://www.festival-radovljica.si,"sobota, 10. avgust 2024"
Predstava: OperArija (SI),"
Sun Aug 11 2024 00:00:00 GMT+0200 (Central European Summer Time)
 Celje, Glasbena �ola Celje",https://dogodki.kulturnik.si/?where=Celje%2C%20Glasbena%20%EF%BF%BDola%20Celje,http://www.seviqc-brezice.si/operarija-si.5.html,"nedelja, 11. avgust 2024"
Festivalski predtakt: Bastion (CH),"
Tue Aug 13 2024 00:00:00 GMT+0200 (Central European Summer Time)
 Stara grofija Celje",https://dogodki.kulturnik.si/?where=Stara%20grofija-https://dogodki.kulturnik.si/?where=Celje,http://www.seviqc-brezice.si/festivalski-predtakt-bastion.html,"torek, 13. avgust 2024"
Festivalski predtakt: Laterna Magica (BE),"
Wed Aug 14 2024 00:00:00 GMT+0200 (Central European Summer Time)
 Grad Snežnik Stari trg pri Ložu",https://dogodki.kulturnik.si/?where=Grad%20Sne%C5%BEnik-https://dogodki.kulturnik.si/?where=Stari%20trg%20pri%20Lo%C5%BEu,http://www.seviqc-brezice.si/festivalski-predtakt-laterna-magica.html,"sreda, 14. avgust 2024"
Festivalski predtakt: Baroque Arabesque (AT),"
Sat Aug 17 2024 00:00:00 GMT+0200 (Central European Summer Time)
 Narodni dom Celje Celje",https://dogodki.kulturnik.si/?where=Narodni%20dom%20Celje-https://dogodki.kulturnik.si/?where=Celje,http://www.seviqc-brezice.si/festivalski-predtakt-baroque-arabesque.html,"sobota, 17. avgust 2024"
Koncert: Richard Boothby (GB),"
Mon Aug 19 2024 00:00:00 GMT+0200 (Central European Summer Time)
 Stara grofija Celje",https://dogodki.kulturnik.si/?where=Stara%20grofija-https://dogodki.kulturnik.si/?where=Celje,http://www.seviqc-brezice.si/richard-boothby-gb.3.html,"ponedeljek, 19. avgust 2024"
Festivalski predtakt: Pilar Almal� (ES),"
Tue Aug 20 2024 00:00:00 GMT+0200 (Central European Summer Time)
 KKC Dolenjske Toplice, Dolenjske Toplice Dolenjske Toplice",https://dogodki.kulturnik.si/?where=KKC%20Dolenjske%20Toplice%2C%20Dolenjske%20Toplice-https://dogodki.kulturnik.si/?where=Dolenjske%20Toplice,http://www.seviqc-brezice.si/festivalski-predtakt-pilar-almal.html,"torek, 20. avgust 2024"
Festivalski predtakt: The Legacy of Bach (BE),"
Wed Aug 21 2024 00:00:00 GMT+0200 (Central European Summer Time)
 Stara grofija Celje",https://dogodki.kulturnik.si/?where=Stara%20grofija-https://dogodki.kulturnik.si/?where=Celje,http://www.seviqc-brezice.si/festivalski-predtakt-the-legacy-of-bach.html,"sreda, 21. avgust 2024"
Festivalski predtakt: Capilla del Sol (AR),"
Thu Aug 22 2024 00:00:00 GMT+0200 (Central European Summer Time)
 Narodni dom Celje Celje",https://dogodki.kulturnik.si/?where=Narodni%20dom%20Celje-https://dogodki.kulturnik.si/?where=Celje,http://www.seviqc-brezice.si/festivalski-predtakt-capilla-del-sol-ar.html,"četrtek, 22. avgust 2024"
Festivalski predtakt: Adriana Alcaide (ES) in Ana Marija Krajnc (SI),"
Fri Aug 23 2024 00:00:00 GMT+0200 (Central European Summer Time)
 Celje, Glasbena �ola Celje",https://dogodki.kulturnik.si/?where=Celje%2C%20Glasbena%20%EF%BF%BDola%20Celje,http://www.seviqc-brezice.si/festivalski-predtakt-adriana-alcaide-in-ana-marija-krajnc.html,"petek, 23. avgust 2024"
Mednarodni literarni festival Vilenica,"
Mon Sep 02 2024 00:00:00 GMT+0200 (Central European Summer Time)
Sun Sep 08 2024 00:00:00 GMT+0200 (Central European Summer Time)
 Ljubljana",https://dogodki.kulturnik.si/?where=Ljubljana,https://vilenica.si/,"ponedeljek, 2. september 2024"
"Šola zmajeslovja, paket treh vodenih ogledov","
Sun Sep 15 2024 10:30:00 GMT+0200 (Central European Summer Time)
 Ljubljanski grad Ljubljana",https://dogodki.kulturnik.si/?where=Ljubljanski%20grad-https://dogodki.kulturnik.si/?where=Ljubljana,https://www.mojekarte.si/si/sola-zmajeslovja-paket-treh-vodenih-ogledov/paketi-1176028.html,"nedelja, 15. september 2024"
Jesenski cikel Uporniki skozi čas,"
Tue Sep 17 2024 17:30:00 GMT+0200 (Central European Summer Time)
 Ljubljanski grad Ljubljana",https://dogodki.kulturnik.si/?where=Ljubljanski%20grad-https://dogodki.kulturnik.si/?where=Ljubljana,https://www.mojekarte.si/si/jesenski-cikel-uporniki-skozi-cas/paketi-1176228.html,"torek, 17. september 2024"
Linhartova srečanja,"
Thu Sep 19 2024 00:00:00 GMT+0200 (Central European Summer Time)
Sun Sep 22 2024 00:00:00 GMT+0200 (Central European Summer Time)
 Ljubljana",https://dogodki.kulturnik.si/?where=Ljubljana,http://www.jskd.si/gledalisce-in-lutke/festivali_gledalisce/uvod_festivali_gledalisce.htm,"četrtek, 19. september 2024"
Festival migrantskega filma (FMF),"
Mon Sep 23 2024 00:00:00 GMT+0200 (Central European Summer Time)
Fri Sep 27 2024 00:00:00 GMT+0200 (Central European Summer Time)
 Ljubljana",https://dogodki.kulturnik.si/?where=Ljubljana,http://www.fmf-slovenija.si,"ponedeljek, 23. september 2024"
Mednarodni festival sodobne lutkovne umetnosti LUTKE,"
Wed Sep 25 2024 00:00:00 GMT+0200 (Central European Summer Time)
Sun Sep 29 2024 00:00:00 GMT+0200 (Central European Summer Time)
 Ljubljana",https://dogodki.kulturnik.si/?where=Ljubljana,http://www.lgl.si/si/festivali-in-dogodki/festival-lutke,"sreda, 25. september 2024"
Mednarodni festival kreativnosti Zlati boben,"
Wed Oct 09 2024 00:00:00 GMT+0200 (Central European Summer Time)
Fri Oct 11 2024 00:00:00 GMT+0200 (Central European Summer Time)
 Ljubljana",https://dogodki.kulturnik.si/?where=Ljubljana,https://goldendrum.com/,"sreda, 9. oktober 2024"
"Šola zmajeslovja, Prerokba o pogubi zmajev","
Sun Oct 13 2024 10:30:00 GMT+0200 (Central European Summer Time)
 Ljubljanski grad Ljubljana",https://dogodki.kulturnik.si/?where=Ljubljanski%20grad-https://dogodki.kulturnik.si/?where=Ljubljana,https://www.mojekarte.si/si/sola-zmajeslovja-prerokba-o-pogubi-zmajev/vstopnice-1176024.html,"nedelja, 13. oktober 2024"
Coprnice so me nosile,"
Tue Oct 15 2024 17:30:00 GMT+0200 (Central European Summer Time)
 Ljubljanski grad Ljubljana",https://dogodki.kulturnik.si/?where=Ljubljanski%20grad-https://dogodki.kulturnik.si/?where=Ljubljana,https://www.mojekarte.si/si/coprnice-so-me-nosile/vstopnice-1176223.html,"torek, 15. oktober 2024"
Mednarodni festival računalniške umetnosti (MFRU),"
Fri Oct 18 2024 00:00:00 GMT+0200 (Central European Summer Time)
Mon Oct 28 2024 00:00:00 GMT+0100 (Central European Standard Time)
 Maribor",https://dogodki.kulturnik.si/?where=Maribor,http://www.mfru.org,"petek, 18. oktober 2024"
Izza grajskih rešetk,"
Tue Nov 05 2024 17:00:00 GMT+0100 (Central European Standard Time)
 Ljubljanski grad Ljubljana",https://dogodki.kulturnik.si/?where=Ljubljanski%20grad-https://dogodki.kulturnik.si/?where=Ljubljana,https://www.mojekarte.si/si/izza-grajskih-resetk/vstopnice-1176224.html,"torek, 5. november 2024"
Divje jezero,"
Fri Nov 08 2024 20:00:00 GMT+0100 (Central European Standard Time)
 Klub Štala, Lokavec Ajdovščina",https://dogodki.kulturnik.si/?where=Klub%20%C5%A0tala%2C%20Lokavec-https://dogodki.kulturnik.si/?where=Ajdov%C5%A1%C4%8Dina,https://www.kudkussa.com/events.html,"petek, 8. november 2024"
"Šola zmajeslovja, Vrhovna čarovnica","
Sun Nov 10 2024 10:30:00 GMT+0100 (Central European Standard Time)
 Ljubljanski grad Ljubljana",https://dogodki.kulturnik.si/?where=Ljubljanski%20grad-https://dogodki.kulturnik.si/?where=Ljubljana,https://www.mojekarte.si/si/sola-zmajeslovja-vrhovna-carovnica/vstopnice-1176025.html,"nedelja, 10. november 2024"
André Rieu,"
Sat Nov 16 2024 19:30:00 GMT+0100 (Central European Standard Time)
 Dvorana Stožice Ljubljana",https://dogodki.kulturnik.si/?where=Dvorana%20Sto%C5%BEice-https://dogodki.kulturnik.si/?where=Ljubljana,https://www.facebook.com/events/649419839570074/,"sobota, 16. november 2024"
K sosedu v vas,"
Sat Nov 23 2024 19:00:00 GMT+0100 (Central European Standard Time)
Sat Nov 23 2024 20:30:00 GMT+0100 (Central European Standard Time)
 Cankarjev dom, Gallusova dvorana Ljubljana",https://dogodki.kulturnik.si/?where=Cankarjev%20dom%2C%20Gallusova%20dvorana-https://dogodki.kulturnik.si/?where=Ljubljana,https://www.cd-cc.si/kultura/prireditev-drugega-organizatorja/k-sosedu-v-vas,"sobota, 23. november 2024"
Koncert Prifarcev s prijatelji,"
Sun Nov 24 2024 19:00:00 GMT+0100 (Central European Standard Time)
 Cankarjev dom, Gallusova dvorana Ljubljana",https://dogodki.kulturnik.si/?where=Cankarjev%20dom%2C%20Gallusova%20dvorana-https://dogodki.kulturnik.si/?where=Ljubljana,https://www.mojekarte.si/si/koncert-prifarcev-s-prijatelji/vstopnice-1179340.html,"nedelja, 24. november 2024"
Koncert Prifarcev s prijatelji,"
Mon Nov 25 2024 19:00:00 GMT+0100 (Central European Standard Time)
 Cankarjev dom, Gallusova dvorana Ljubljana",https://dogodki.kulturnik.si/?where=Cankarjev%20dom%2C%20Gallusova%20dvorana-https://dogodki.kulturnik.si/?where=Ljubljana,https://www.mojekarte.si/si/koncert-prifarcev-s-prijatelji/vstopnice-1179341.html,"ponedeljek, 25. november 2024"
Slovenski bienale ilustracije (SBI),"
Wed Nov 27 2024 00:00:00 GMT+0100 (Central European Standard Time)
Wed Jan 22 2025 00:00:00 GMT+0100 (Central European Standard Time)
 Ljubljana",https://dogodki.kulturnik.si/?where=Ljubljana,http://zdslu.si/projekti-in-gradiva/slovenski-bienale-ilustracije/,"sreda, 27. november 2024"
Delavnica adventnih venčkov,"
Thu Nov 28 2024 17:00:00 GMT+0100 (Central European Standard Time)
 Ljubljanski Grad:Zmajev brlog Ljubljana",https://dogodki.kulturnik.si/?where=Ljubljanski%20Grad%3AZmajev%20brlog-https://dogodki.kulturnik.si/?where=Ljubljana,https://www.mojekarte.si/si/delavnica-adventnih-venckov/vstopnice-1179926.html,"četrtek, 28. november 2024"
TURANDOT,"
Fri Nov 29 2024 19:30:00 GMT+0100 (Central European Standard Time)
 SNG Maribor: Dvorana Ondine Otta Klasinc... Maribor",https://dogodki.kulturnik.si/?where=SNG%20Maribor%3A%20Dvorana%20Ondine%20Otta%20Klasinc...-https://dogodki.kulturnik.si/?where=Maribor,https://sngmb.mojekarte.si/si/turandot/vstopnice-1177351.html,"petek, 29. november 2024"
Ansambel Saša Avsenika,"
Sat Dec 07 2024 20:00:00 GMT+0100 (Central European Standard Time)
 Hala Tivoli Ljubljana",https://dogodki.kulturnik.si/?where=Hala%20Tivoli-https://dogodki.kulturnik.si/?where=Ljubljana,https://www.facebook.com/events/301683959503395/,"sobota, 7. december 2024"
Ansambel Saša Avsenika,"
Sat Dec 21 2024 20:00:00 GMT+0100 (Central European Standard Time)
 Dvorana Tabor Ljubljana",https://dogodki.kulturnik.si/?where=Dvorana%20Tabor-https://dogodki.kulturnik.si/?where=Ljubljana,https://www.facebook.com/events/1145609006443622/,"sobota, 21. december 2024"
Spletna predavanja ob razstavi V vrtincu sprememb,"
Tue Dec 31 2024 00:00:00 GMT+0100 (Central European Standard Time)
Tue Dec 31 2024 23:59:59 GMT+0100 (Central European Standard Time)
 Cankarjev dom Ljubljana",https://dogodki.kulturnik.si/?where=Cankarjev%20dom-https://dogodki.kulturnik.si/?where=Ljubljana,https://www.cd-cc.si/kultura/literatura-in-humanistika/spletna-predavanja-ob-razstavi-v-vrtincu-sprememb,"torek, 31. december 2024"
Kosovel + Rog RD,"
Sat Mar 18 2028 16:00:00 GMT+0100 (Central European Standard Time)
Sat Mar 18 2028 23:30:00 GMT+0100 (Central European Standard Time)
 Trubarjeva cesta, Ljubljana Ljubljana",https://dogodki.kulturnik.si/?where=Trubarjeva%20cesta%2C%20Ljubljana-https://dogodki.kulturnik.si/?where=Ljubljana,http://www.facebook.com/events/407433133037834,"sobota, 18. marec 2028"
